"Sample size","Two-epoch inference, [Anc, 200, 200]","Ancestral branch proportion, [Anc, 200, 200]","Bottleneck branch proportion, [Anc, 200, 200]","Current branch proportion, [Anc, 200, 200]","Two-epoch inference, [Anc, 400, 200]","Ancestral branch proportion, [Anc, 400, 200]","Bottleneck branch proportion, [Anc, 400, 200]","Current branch proportion, [Anc, 400, 200]","Two-epoch inference, [Anc, 600, 200]","Ancestral branch proportion, [Anc, 600, 200]","Bottleneck branch proportion, [Anc, 600, 200]","Current branch proportion, [Anc, 600, 200]","Two-epoch inference, [Anc, 800, 200]","Ancestral branch proportion, [Anc, 800, 200]","Bottleneck branch proportion, [Anc, 800, 200]","Current branch proportion, [Anc, 800, 200]","Two-epoch inference, [Anc, 1000, 200]","Ancestral branch proportion, [Anc, 1000, 200]","Bottleneck branch proportion, [Anc, 1000, 200]","Current branch proportion, [Anc, 1000, 200]","Two-epoch inference, [Anc, 1200, 200]","Ancestral branch proportion, [Anc, 1200, 200]","Bottleneck branch proportion, [Anc, 1200, 200]","Current branch proportion, [Anc, 1200, 200]","Two-epoch inference, [Anc, 1400, 200]","Ancestral branch proportion, [Anc, 1400, 200]","Bottleneck branch proportion, [Anc, 1400, 200]","Current branch proportion, [Anc, 1400, 200]","Two-epoch inference, [Anc, 1600, 200]","Ancestral branch proportion, [Anc, 1600, 200]","Bottleneck branch proportion, [Anc, 1600, 200]","Current branch proportion, [Anc, 1600, 200]"
"sample_size","msprime_contract",0.556938308185849,0.212076165738216,0.230985526075936,"msprime_contract",0.664227972130022,0.13876935811909,0.197002669750888,"msprime_contract",0.371994677888215,0.400908115507054,0.227097206604731,"msprime_contract",0.369619407083699,0.450847735668906,0.179532857247395,"msprime_contract",0.290357673764437,0.503938757741146,0.205703568494418,"msprime_contract",0.197178966893923,0.529914579084918,0.272906454021159,"msprime_contract",0.19769410263145,0.540857170007286,0.261448727361264,"msprime_contract",0.177057099022277,0.606370492730225,0.216572408247497
"sample_size","msprime_contract",0.535781462978022,0.233575202217116,0.230643334804862,"msprime_contract",0.63958630574875,0.154456316424568,0.205957377826683,"msprime_contract",0.363442121989746,0.426174333359549,0.210383544650705,"msprime_contract",0.451955413560983,0.401595194021213,0.146449392417804,"msprime_contract",0.364944233515696,0.449523926285544,0.18553184019876,"msprime_contract",0.239418336451773,0.597411738449292,0.163169925098936,"msprime_contract",0.187427580214855,0.527293070673204,0.285279349111941,"msprime_contract",0.177686350421662,0.52851170209779,0.293801947480548
"sample_size","msprime_contract",0.54446430346645,0.275286706477642,0.180248990055907,"msprime_contract",0.618670312218722,0.175240789900004,0.206088897881274,"msprime_contract",0.407607283282513,0.439663568665158,0.152729148052329,"msprime_contract",0.325333954955387,0.458922601150597,0.215743443894016,"msprime_contract",0.33195365029812,0.451628741625169,0.216417608076711,"msprime_contract",0.184969831491528,0.573518777638924,0.241511390869548,"msprime_contract",0.148721386340833,0.59948753754257,0.251791076116596,"msprime_contract",0.128703251301667,0.581017118488935,0.290279630209398
"sample_size","msprime_contract",0.53256571715318,0.279935763543845,0.187498519302976,"msprime_contract",0.685042840743382,0.133924190034352,0.181032969222266,"msprime_contract",0.410159222880024,0.343903047837963,0.245937729282013,"msprime_contract",0.331785719379323,0.400599971689634,0.267614308931043,"msprime_contract",0.259918334788738,0.424508371478605,0.315573293732657,"msprime_contract",0.197707551297605,0.485671043475377,0.316621405227018,"msprime_contract",0.153329143445219,0.519955364712532,0.326715491842249,"msprime_contract",0.0695112035377262,0.571854637985367,0.358634158476907
"sample_size","msprime_contract",0.580113051949797,0.208521019911846,0.211365928138357,"msprime_contract",0.658063262348252,0.163958795679199,0.177977941972549,"msprime_contract",0.457134756273495,0.324086839017857,0.218778404708648,"msprime_contract",0.273047159311576,0.46287763281382,0.264075207874604,"msprime_contract",0.28162817062421,0.470486587984401,0.247885241391388,"msprime_contract",0.182967859164037,0.541453308643487,0.275578832192476,"msprime_contract",0.179180637988561,0.476889477444158,0.343929884567281,"msprime_contract",0.156751537046505,0.547866464904842,0.295381998048653
"sample_size","msprime_contract",0.558210307253736,0.215609237807937,0.226180454938328,"msprime_contract",0.648006481804203,0.134115152663091,0.217878365532706,"msprime_contract",0.338721442600213,0.370040297333425,0.291238260066362,"msprime_contract",0.286603356811034,0.430717935702333,0.282678707486633,"msprime_contract",0.264084385151767,0.474679519386254,0.261236095461979,"msprime_contract",0.199126186031704,0.52432021399378,0.276553599974516,"msprime_contract",0.116275389160122,0.506334055852444,0.377390554987435,"msprime_contract",0.0987601244225322,0.579405959127944,0.321833916449524
"sample_size","msprime_contract",0.536710568669093,0.225274889650468,0.238014541680439,"msprime_contract",0.597274486387536,0.137739133633169,0.264986379979295,"msprime_contract",0.401167935432429,0.28752242204319,0.31130964252438,"msprime_contract",0.229941399200116,0.419385474168698,0.350673126631186,"msprime_contract",0.251647919646695,0.401338018786524,0.347014061566781,"msprime_contract",0.180192240968078,0.484166649495952,0.33564110953597,"msprime_contract",0.121104963593562,0.514290382471968,0.36460465393447,"msprime_contract",0.125853430162968,0.484533353249437,0.389613216587595
"sample_size","msprime_contract",0.488407817955445,0.256840114597585,0.254752067446971,"msprime_contract",0.584697144511823,0.162501836597543,0.252801018890634,"msprime_contract",0.381309080775337,0.297880885822177,0.320810033402487,"msprime_contract",0.294258048170275,0.418432939161876,0.287309012667849,"msprime_contract",0.214092766121874,0.436076280712705,0.349830953165421,"msprime_contract",0.151013510045012,0.490859842266528,0.35812664768846,"msprime_contract",0.0930639529198424,0.459721788785924,0.447214258294234,"msprime_contract",0.125928852990951,0.43027452102538,0.443796625983669
"sample_size","msprime_contract",0.520736329619779,0.22179304835471,0.257470622025511,"msprime_contract",0.580104642646896,0.136590794789362,0.283304562563742,"msprime_contract",0.310823972821753,0.34751745624181,0.341658570936437,"msprime_contract",0.201118448483381,0.414178427135307,0.384703124381312,"msprime_contract",0.247475222342237,0.419592516822697,0.332932260835065,"msprime_contract",0.205491826675849,0.414058469600265,0.380449703723886,"msprime_contract",0.153560349445784,0.467225557984513,0.379214092569703,"msprime_contract",0.137419625757064,0.417397131460172,0.445183242782764
"sample_size","msprime_contract",0.5292630917072,0.219222759911501,0.2515141483813,"msprime_contract",0.511885745536138,0.186524728519431,0.301589525944431,"msprime_contract",0.343130066392349,0.363941696527374,0.292928237080277,"msprime_contract",0.253583330870619,0.392580496771469,0.353836172357912,"msprime_contract",0.212011704305293,0.414166954693061,0.373821341001645,"msprime_contract",0.177510418602004,0.378485112138592,0.444004469259404,"msprime_contract",0.0997789019684622,0.488496599614353,0.411724498417185,"msprime_contract",0.106446615989995,0.449829881854628,0.443723502155377
"sample_size","msprime_contract",0.544354438160539,0.21221265482119,0.243432907018271,"msprime_contract",0.509648339120743,0.183548315232578,0.306803345646679,"msprime_contract",0.383880719128064,0.314633983181967,0.30148529768997,"msprime_contract",0.284862344996488,0.349095812391743,0.366041842611768,"msprime_contract",0.293255557081621,0.368048671128719,0.338695771789659,"msprime_contract",0.176296996643155,0.417156176580223,0.406546826776622,"msprime_contract",0.103025114032793,0.432636271579438,0.464338614387769,"msprime_contract",0.109041891680165,0.42651330610556,0.464444802214275
"sample_size","msprime_contract",0.488263818065615,0.243770511003535,0.26796567093085,"msprime_contract",0.540952491069882,0.143707160950838,0.31534034797928,"msprime_contract",0.307214421339803,0.318261303877778,0.374524274782419,"msprime_contract",0.291593934614651,0.323576354483104,0.384829710902246,"msprime_contract",0.260915809916299,0.375900921926454,0.363183268157247,"msprime_contract",0.207708341799321,0.365134935646784,0.427156722553895,"msprime_contract",0.214195977828475,0.415998797855093,0.369805224316432,"msprime_contract",0.122887000556615,0.432409554553645,0.44470344488974
"sample_size","msprime_contract",0.513155921596085,0.211861438192029,0.274982640211886,"msprime_contract",0.497449052141673,0.170693782813379,0.331857165044948,"msprime_contract",0.252875760604546,0.370775324920914,0.37634891447454,"msprime_contract",0.253494733101738,0.374575608404012,0.37192965849425,"msprime_contract",0.260149568942023,0.349958659268686,0.389891771789291,"msprime_contract",0.187091398143138,0.356116419993561,0.456792181863301,"msprime_contract",0.176324757846705,0.392120409059455,0.43155483309384,"msprime_expand",0.121182927139865,0.380121132390125,0.49869594047001
"sample_size","msprime_contract",0.441755356242374,0.237027997638099,0.321216646119527,"msprime_contract",0.525973077120778,0.162857581999975,0.311169340879247,"msprime_contract",0.332422629526067,0.29804644290186,0.369530927572073,"msprime_contract",0.31689234207671,0.320725380746637,0.362382277176653,"msprime_contract",0.216933793298589,0.343860377584927,0.439205829116483,"msprime_contract",0.14479287989133,0.364315813089634,0.490891307019036,"msprime_expand",0.0995601443463171,0.391477616010037,0.508962239643646,"msprime_expand",0.0568482003906659,0.295570321255523,0.647581478353811
"sample_size","msprime_contract",0.486210004783126,0.192902141519673,0.320887853697201,"msprime_contract",0.499870102655449,0.170478032597102,0.32965186474745,"msprime_contract",0.266683660496438,0.351685016279466,0.381631323224096,"msprime_contract",0.248352429650537,0.334395658889454,0.417251911460009,"msprime_contract",0.242251333576718,0.304132991369476,0.453615675053805,"msprime_expand",0.154411236375654,0.313498387733502,0.532090375890844,"msprime_expand",0.118391559185508,0.355123809345927,0.526484631468565,"msprime_expand",0.106997767768526,0.374764541691478,0.518237690539996
"sample_size","msprime_contract",0.491534104767299,0.222545684829676,0.285920210403025,"msprime_contract",0.503240772658097,0.148024309537501,0.348734917804402,"msprime_contract",0.304798350946768,0.319862836695859,0.375338812357373,"msprime_contract",0.326065436020204,0.309332080901707,0.364602483078089,"msprime_contract",0.200968038402575,0.371980729617272,0.427051231980153,"msprime_expand",0.167725904308983,0.397529127510081,0.434744968180936,"msprime_expand",0.140485489224477,0.34561049137712,0.513904019398403,"msprime_expand",0.0800374295479278,0.37476717258361,0.545195397868462
"sample_size","msprime_contract",0.461420265890615,0.207868138442816,0.330711595666568,"msprime_contract",0.435346459805653,0.178089925557415,0.386563614636932,"msprime_contract",0.324117099515075,0.300866621034195,0.37501627945073,"msprime_contract",0.267977080860967,0.325660680350498,0.406362238788535,"msprime_expand",0.196643578540478,0.358000608214016,0.445355813245506,"msprime_expand",0.139429083093979,0.315360478045768,0.545210438860253,"msprime_expand",0.175129831162692,0.385523798047705,0.439346370789603,"msprime_expand",0.121112186619621,0.386150944553978,0.492736868826401
"sample_size","msprime_contract",0.470089029351487,0.17703902413605,0.352871946512464,"msprime_contract",0.502805116985723,0.133948153274191,0.363246729740087,"msprime_contract",0.297528526033677,0.268287442704824,0.434184031261499,"msprime_contract",0.285354837789823,0.324978240571165,0.389666921639012,"msprime_expand",0.206946774378167,0.322836703390991,0.470216522230842,"msprime_expand",0.24547234394914,0.286464802989417,0.468062853061443,"msprime_expand",0.133172000368364,0.365045161026498,0.501782838605138,"msprime_expand",0.148838770756746,0.344768576899434,0.50639265234382
"sample_size","msprime_contract",0.432224609200841,0.222905721326309,0.344869669472851,"msprime_contract",0.456506479747266,0.1502437848261,0.393249735426633,"msprime_contract",0.321776025587275,0.267737244568916,0.41048672984381,"msprime_contract",0.225477601325333,0.291076988054434,0.483445410620233,"msprime_expand",0.218997278075812,0.338060992402764,0.442941729521424,"msprime_expand",0.146092200258201,0.318901507103415,0.535006292638384,"msprime_expand",0.134454723123047,0.337702760777401,0.527842516099551,"msprime_expand",0.0751044831231102,0.344871688122125,0.580023828754765
"sample_size","msprime_contract",0.448229187027531,0.19684435454509,0.354926458427379,"msprime_contract",0.422304254527657,0.164515467265459,0.413180278206884,"msprime_contract",0.282786884090666,0.296818196235511,0.420394919673823,"msprime_expand",0.24801578541147,0.280949294484678,0.471034920103851,"msprime_expand",0.185771582208898,0.325398312911952,0.48883010487915,"msprime_expand",0.141875498597112,0.344530121944847,0.513594379458041,"msprime_expand",0.0985154504435237,0.386309289279586,0.51517526027689,"msprime_expand",0.0935001387590864,0.394785369170759,0.511714492070155
"sample_size","msprime_contract",0.458941392864322,0.184979896626623,0.356078710509055,"msprime_contract",0.445688079296053,0.15434943540931,0.399962485294637,"msprime_contract",0.248697697186441,0.288894547065226,0.462407755748333,"msprime_expand",0.22993168588268,0.288115320893102,0.481952993224218,"msprime_expand",0.15550010926915,0.309827256855743,0.534672633875107,"msprime_expand",0.137532159132041,0.348476775296428,0.513991065571531,"msprime_expand",0.0978383026543327,0.338325495339672,0.563836202005996,"msprime_expand",0.052947168025264,0.356117782950046,0.59093504902469
"sample_size","msprime_contract",0.444357010982291,0.214917704539385,0.340725284478324,"msprime_contract",0.409047484597836,0.141990953971475,0.448961561430689,"msprime_expand",0.284205803855952,0.281287077660892,0.434507118483156,"msprime_expand",0.184144474085831,0.299848371009213,0.516007154904956,"msprime_expand",0.17037632915157,0.348041750227767,0.481581920620663,"msprime_expand",0.0951692667785458,0.350995948087419,0.553834785134036,"msprime_expand",0.0922777356931747,0.346586470607753,0.561135793699072,"msprime_expand",0.0760093325308463,0.302554703942043,0.621435963527111
"sample_size","msprime_contract",0.405702907410423,0.214903379605383,0.379393712984195,"msprime_contract",0.415728048464005,0.142606632874194,0.441665318661801,"msprime_expand",0.309912988806728,0.271059727509845,0.419027283683427,"msprime_expand",0.219345245385997,0.308932154302214,0.471722600311789,"msprime_expand",0.150717200674107,0.298743111437262,0.550539687888631,"msprime_expand",0.132241572946316,0.347898617918937,0.519859809134747,"msprime_expand",0.107115688742579,0.324626403565875,0.568257907691546,"msprime_expand",0.0914574366742981,0.33014472595776,0.578397837367942
"sample_size","msprime_contract",0.415964712358308,0.210353721953927,0.373681565687764,"msprime_expand",0.411966894941762,0.159865883532987,0.42816722152525,"msprime_expand",0.266366079493905,0.279577256096886,0.45405666440921,"msprime_expand",0.231607966784014,0.306765857296637,0.461626175919348,"msprime_expand",0.156176561864115,0.313990609469369,0.529832828666516,"msprime_expand",0.109814510239959,0.34350056449339,0.546684925266651,"msprime_expand",0.118431829797999,0.347330276133752,0.534237894068249,"msprime_expand",0.0735441781628358,0.361613686771343,0.564842135065821
"sample_size","msprime_contract",0.416273128189172,0.20086862393063,0.382858247880198,"msprime_expand",0.406361266590197,0.132597854051875,0.461040879357928,"msprime_expand",0.213146016447059,0.299844504331132,0.487009479221809,"msprime_expand",0.235769583193791,0.31270549668598,0.451524920120229,"msprime_expand",0.157101265931769,0.300690066183794,0.542208667884437,"msprime_expand",0.14067829210054,0.298495155033712,0.560826552865748,"msprime_expand",0.078941811652719,0.278219291670369,0.642838896676912,"msprime_expand",0.0848132278190214,0.331880776167143,0.583305996013836
"sample_size","msprime_contract",0.439265946960351,0.189207113471779,0.37152693956787,"msprime_expand",0.461618900608578,0.132162940744169,0.406218158647253,"msprime_expand",0.24923691515716,0.273842682568813,0.476920402274028,"msprime_expand",0.232831805015677,0.249812511334736,0.517355683649587,"msprime_expand",0.191307112532826,0.286853691456145,0.521839196011029,"msprime_expand",0.151353618127928,0.325691369358658,0.522955012513414,"msprime_expand",0.115204650426244,0.309237331874417,0.57555801769934,"msprime_expand",0.068806515609637,0.31133736723906,0.619856117151303
"sample_size","msprime_expand",0.408190118130318,0.176464067633817,0.415345814235865,"msprime_expand",0.402436309132809,0.165384474828164,0.432179216039028,"msprime_expand",0.245703393338176,0.254562129282154,0.49973447737967,"msprime_expand",0.292294790333969,0.249919089638811,0.457786120027221,"msprime_expand",0.199277732539472,0.280863301633046,0.519858965827482,"msprime_expand",0.128741267531993,0.300563835085567,0.57069489738244,"msprime_expand",0.0954310608822464,0.313445626554478,0.591123312563276,"msprime_expand",0.0690051273526665,0.340032089965252,0.590962782682081
"sample_size","msprime_expand",0.377751332900728,0.206532530307466,0.415716136791806,"msprime_expand",0.445272419894101,0.100156861814529,0.45457071829137,"msprime_expand",0.239759314925214,0.260618403263636,0.499622281811151,"msprime_expand",0.19141371731614,0.299702026413268,0.508884256270592,"msprime_expand",0.164526453714683,0.264920120134914,0.570553426150404,"msprime_expand",0.109369203803862,0.285590436359611,0.605040359836527,"msprime_expand",0.0809482162300204,0.352384958254231,0.566666825515748,"msprime_expand",0.060496279666672,0.288148719509881,0.651355000823447
"sample_size","msprime_expand",0.423596483441243,0.17114758753763,0.405255929021126,"msprime_expand",0.420467179831666,0.125989950933225,0.453542869235109,"msprime_expand",0.248948252982174,0.281714778396788,0.469336968621038,"msprime_expand",0.208126040760072,0.261938315070795,0.529935644169133,"msprime_expand",0.152621158783328,0.301949978712874,0.545428862503799,"msprime_expand",0.149646384467036,0.280873537620278,0.569480077912686,"msprime_expand",0.108560502491131,0.314712436526334,0.576727060982535,"msprime_expand",0.111711982698704,0.329221796314089,0.559066220987207
"sample_size","msprime_expand",0.354154106890305,0.187461372616428,0.458384520493266,"msprime_expand",0.387807755941331,0.133159067398658,0.479033176660011,"msprime_expand",0.225237835864754,0.246990736115658,0.527771428019588,"msprime_expand",0.192060170421899,0.285362775269668,0.522577054308433,"msprime_expand",0.141323810381633,0.273784303985439,0.584891885632928,"msprime_expand",0.127954853215123,0.303200563608673,0.568844583176204,"msprime_expand",0.131328869745357,0.264834200556821,0.603836929697822,"msprime_expand",0.10316739440745,0.327549256359205,0.569283349233345
"sample_size","msprime_expand",0.375114395333266,0.179420015592126,0.445465589074608,"msprime_expand",0.369534204953941,0.14133517743626,0.489130617609799,"msprime_expand",0.225469127208067,0.272276251775929,0.502254621016004,"msprime_expand",0.228119327232051,0.224595695358257,0.547284977409692,"msprime_expand",0.17012692258649,0.293246652651072,0.536626424762438,"msprime_expand",0.131699551872471,0.303947560693531,0.564352887433998,"msprime_expand",0.122283161056104,0.265219165822547,0.612497673121349,"msprime_expand",0.107676891266832,0.32412116777239,0.568201940960778
"sample_size","msprime_expand",0.364099905537333,0.190151983215783,0.445748111246885,"msprime_expand",0.401842790367177,0.123032788853678,0.475124420779145,"msprime_expand",0.260595626144103,0.232590106152948,0.506814267702949,"msprime_expand",0.184516003666227,0.251441689476449,0.564042306857324,"msprime_expand",0.152240278865751,0.249412748930803,0.598346972203446,"msprime_expand",0.139007338988227,0.261571184238705,0.599421476773068,"msprime_expand",0.0978278785421417,0.296651860275005,0.605520261182854,"msprime_expand",0.0785748338378922,0.304097147895719,0.617328018266389
"sample_size","msprime_expand",0.383966156065133,0.177808216763558,0.438225627171309,"msprime_expand",0.376266905483856,0.115680058926368,0.508053035589775,"msprime_expand",0.21175806508054,0.239457394944072,0.548784539975388,"msprime_expand",0.143925971337457,0.296103409306823,0.55997061935572,"msprime_expand",0.115694141641507,0.296780968839941,0.587524889518552,"msprime_expand",0.0946145881504574,0.260527390164397,0.644858021685145,"msprime_expand",0.0609354047563954,0.2711985461746,0.667866049069004,"msprime_expand",0.0698986774933257,0.271573371233252,0.658527951273423
"sample_size","msprime_expand",0.35357619796953,0.195664633479654,0.450759168550816,"msprime_expand",0.355123564312118,0.145328351505999,0.499548084181884,"msprime_expand",0.241918138020447,0.230714396804422,0.527367465175131,"msprime_expand",0.175545136026703,0.266704837256899,0.557750026716398,"msprime_expand",0.152534521825757,0.322286869481963,0.52517860869228,"msprime_expand",0.127994980562428,0.258285346201023,0.61371967323655,"msprime_expand",0.100712604003509,0.261526001392397,0.637761394604094,"msprime_expand",0.097473687430076,0.268923517303594,0.63360279526633
"sample_size","msprime_expand",0.343044903249558,0.212498597463798,0.444456499286645,"msprime_expand",0.399549439309473,0.118285858178639,0.482164702511888,"msprime_expand",0.214318187051803,0.221529064636407,0.56415274831179,"msprime_expand",0.182738086890743,0.265297245633429,0.551964667475828,"msprime_expand",0.128386764619464,0.245634417151948,0.625978818228588,"msprime_expand",0.1345096655156,0.279859158342153,0.585631176142246,"msprime_expand",0.0880348487456705,0.280958906549478,0.631006244704852,"msprime_expand",0.0687061222587795,0.284054536528098,0.647239341213122
"sample_size","msprime_expand",0.346241625092496,0.182077330482191,0.471681044425313,"msprime_expand",0.358005895217971,0.131755761025018,0.51023834375701,"msprime_expand",0.232485670647814,0.212340396628633,0.555173932723554,"msprime_expand",0.172932817030518,0.251801481289773,0.575265701679709,"msprime_expand",0.164884259320872,0.251446223617384,0.583669517061744,"msprime_expand",0.123282083476717,0.287640263705918,0.589077652817365,"msprime_expand",0.0886701630001602,0.271965876367347,0.639363960632493,"msprime_expand",0.077593274358311,0.292569061280146,0.629837664361543
"sample_size","msprime_expand",0.360399298712301,0.177249468298444,0.462351232989255,"msprime_expand",0.351514445214116,0.109863161032942,0.538622393752942,"msprime_expand",0.229481726513658,0.224120453263881,0.546397820222462,"msprime_expand",0.219693559655111,0.235584692690414,0.544721747654474,"msprime_expand",0.171570209553952,0.283237706585815,0.545192083860233,"msprime_expand",0.100888298933749,0.272017490681104,0.627094210385147,"msprime_expand",0.0632661467475936,0.26758982756833,0.669144025684076,"msprime_expand",0.0587049376746436,0.246532029255185,0.694763033070172
"sample_size","msprime_expand",0.338956671898289,0.187705364875754,0.473337963225957,"msprime_expand",0.348885336064688,0.133761002834138,0.517353661101173,"msprime_expand",0.23985820268344,0.222605785988813,0.537536011327747,"msprime_expand",0.170381877651949,0.24449669353566,0.58512142881239,"msprime_expand",0.143761953274847,0.243450874705156,0.612787172019997,"msprime_expand",0.156124510336998,0.266016739027915,0.577858750635088,"msprime_expand",0.0965388428656323,0.285984023950297,0.617477133184071,"msprime_expand",0.0632980837346965,0.314128508305722,0.622573407959581
"sample_size","msprime_expand",0.379213722257885,0.164410913204851,0.456375364537264,"msprime_expand",0.357482126517192,0.135216935241225,0.507300938241583,"msprime_expand",0.218070231641506,0.22972522294529,0.552204545413204,"msprime_expand",0.189539577892385,0.273005620617951,0.537454801489664,"msprime_expand",0.132783552596657,0.224145170618067,0.643071276785276,"msprime_expand",0.102212295642031,0.276755085648266,0.621032618709704,"msprime_expand",0.0639772156531154,0.264266272655998,0.671756511690887,"msprime_expand",0.046579692171189,0.258900017461107,0.694520290367704
"sample_size","msprime_expand",0.346942880135157,0.175701778353026,0.477355341511817,"msprime_expand",0.373351544267292,0.120621128547711,0.506027327184997,"msprime_expand",0.214142297581263,0.239624858145676,0.546232844273062,"msprime_expand",0.129841668751476,0.226805909515336,0.643352421733189,"msprime_expand",0.132424729508711,0.272746087419936,0.594829183071353,"msprime_expand",0.122800786437018,0.257806869696982,0.619392343866,"msprime_expand",0.0944628087288066,0.236639156444105,0.668898034827088,"msprime_expand",0.0633464682539349,0.263159462256672,0.673494069489393
"sample_size","msprime_expand",0.306051472798684,0.16343771854189,0.530510808659426,"msprime_expand",0.367175233486878,0.111833769848335,0.520990996664787,"msprime_expand",0.241932655020517,0.205059358758179,0.553007986221303,"msprime_expand",0.180521594390549,0.224789191592557,0.594689214016895,"msprime_expand",0.135771812951315,0.242286197495238,0.621941989553447,"msprime_expand",0.110206491089695,0.243456618523244,0.646336890387061,"msprime_expand",0.0880712200568588,0.289650962043379,0.622277817899762,"msprime_expand",0.0621440481370959,0.230297341834287,0.707558610028618
"sample_size","msprime_expand",0.346695259668758,0.188558674981024,0.464746065350218,"msprime_expand",0.386284938551225,0.110087301623347,0.503627759825428,"msprime_expand",0.168005817195281,0.244373636829962,0.587620545974757,"msprime_expand",0.213302241013404,0.223373597622569,0.563324161364027,"msprime_expand",0.146753950058452,0.260182358857589,0.593063691083959,"msprime_expand",0.0939129715218735,0.287391521472832,0.618695507005294,"msprime_expand",0.0823094150063607,0.224425277266437,0.693265307727202,"msprime_expand",0.0624612446050446,0.20289513531001,0.734643620084946
"sample_size","msprime_expand",0.34840231391748,0.177572806147568,0.474024879934952,"msprime_expand",0.363012033729038,0.11929732412534,0.517690642145622,"msprime_expand",0.259982404578696,0.210749876525743,0.529267718895561,"msprime_expand",0.175254319646132,0.251995722167103,0.572749958186764,"msprime_expand",0.130996127681977,0.230017531220554,0.638986341097469,"msprime_expand",0.0529896477073182,0.267951868012745,0.679058484279937,"msprime_expand",0.0669201710928751,0.282111391737537,0.650968437169588,"msprime_expand",0.0672260986700625,0.256251342952704,0.676522558377234
"sample_size","msprime_expand",0.304867790555329,0.188261321760441,0.50687088768423,"msprime_expand",0.333311437150715,0.124632671706212,0.542055891143073,"msprime_expand",0.237771120822118,0.226116979269041,0.536111899908841,"msprime_expand",0.17412642444113,0.24417705101581,0.58169652454306,"msprime_expand",0.145594358125225,0.224640652077659,0.629764989797116,"msprime_expand",0.0840725209898061,0.219110787248597,0.696816691761597,"msprime_expand",0.105968795097248,0.272958269122594,0.621072935780158,"msprime_expand",0.0668890351280858,0.242024884416118,0.691086080455796
"sample_size","msprime_expand",0.34593116798789,0.177212481980659,0.476856350031451,"msprime_expand",0.334835020489747,0.116791573130412,0.548373406379842,"msprime_expand",0.233804506449137,0.200961133086402,0.565234360464461,"msprime_expand",0.199775949280576,0.205607872891037,0.594616177828387,"msprime_expand",0.144020204368704,0.230775297208454,0.625204498422842,"msprime_expand",0.140147290144073,0.253820987164645,0.606031722691283,"msprime_expand",0.101515083396952,0.271650169398317,0.62683474720473,"msprime_expand",0.0607652259188716,0.235097420458358,0.704137353622771
"sample_size","msprime_expand",0.322365401558588,0.181555265492971,0.496079332948441,"msprime_expand",0.393119685407066,0.105721023695506,0.501159290897428,"msprime_expand",0.238844635400685,0.178715476382953,0.582439888216362,"msprime_expand",0.190204786089068,0.233271252542481,0.576523961368452,"msprime_expand",0.154593075866838,0.245886033752408,0.599520890380754,"msprime_expand",0.155374977382371,0.262046533314349,0.58257848930328,"msprime_expand",0.112371712838864,0.284224196328781,0.603404090832355,"msprime_expand",0.0904011101653505,0.260192099666691,0.649406790167959
"sample_size","msprime_expand",0.334505865934227,0.172921462382175,0.492572671683598,"msprime_expand",0.313005163907462,0.113511738148505,0.573483097944034,"msprime_expand",0.264676578182678,0.193660910727776,0.541662511089545,"msprime_expand",0.177329469882396,0.235097002384491,0.587573527733113,"msprime_expand",0.131537873171781,0.247421497785792,0.621040629042427,"msprime_expand",0.114815876123569,0.213851760390858,0.671332363485573,"msprime_expand",0.0783603893617676,0.245989859225116,0.675649751413116,"msprime_expand",0.0665688274197634,0.232049132624827,0.701382039955409
"sample_size","msprime_expand",0.320863683597589,0.167927723677054,0.511208592725357,"msprime_expand",0.339019895708993,0.102403443367615,0.558576660923392,"msprime_expand",0.200877036231338,0.220142654103585,0.578980309665077,"msprime_expand",0.174261178183716,0.21405921729762,0.611679604518664,"msprime_expand",0.17255771260513,0.24759083975732,0.579851447637549,"msprime_expand",0.111084837580165,0.261482527662126,0.627432634757709,"msprime_expand",0.0784445073063996,0.255287793608147,0.666267699085454,"msprime_expand",0.0481286300822746,0.26135197617939,0.690519393738335
"sample_size","msprime_expand",0.300166238979691,0.165284974809615,0.534548786210694,"msprime_expand",0.352688884382318,0.100435165827697,0.546875949789985,"msprime_expand",0.203702436655784,0.191261455522753,0.605036107821462,"msprime_expand",0.175551779303926,0.25451805767303,0.569930163023043,"msprime_expand",0.097054183361931,0.254881362390927,0.648064454247142,"msprime_expand",0.112462531525601,0.222027449289805,0.665510019184593,"msprime_expand",0.092628900811681,0.303422713930026,0.603948385258293,"msprime_expand",0.0765508045814817,0.286821343349516,0.636627852069002
"sample_size","msprime_expand",0.349226473547717,0.149080280458943,0.501693245993341,"msprime_expand",0.316934859436798,0.137995831123625,0.545069309439577,"msprime_expand",0.213346827585486,0.220622249580477,0.566030922834037,"msprime_expand",0.183178039607725,0.210200653106156,0.606621307286119,"msprime_expand",0.187669823973443,0.242269271304661,0.570060904721896,"msprime_expand",0.130121351295686,0.258791126217259,0.611087522487055,"msprime_expand",0.0600580826794142,0.213614997658786,0.7263269196618,"msprime_expand",0.0646334210858844,0.273904584055148,0.661461994858967
"sample_size","msprime_expand",0.325137626270721,0.158189479318978,0.516672894410301,"msprime_expand",0.346441588803712,0.114142534849301,0.539415876346987,"msprime_expand",0.181864502050906,0.197415098142318,0.620720399806776,"msprime_expand",0.175338035108439,0.226264243741834,0.598397721149728,"msprime_expand",0.140903906077589,0.202637142504419,0.656458951417992,"msprime_expand",0.0964439403067263,0.256920420103297,0.646635639589977,"msprime_expand",0.0751007766228821,0.259133970485576,0.665765252891542,"msprime_expand",0.08911282238118,0.229830530245747,0.681056647373073
"sample_size","msprime_expand",0.300686733796852,0.162559178554061,0.536754087649087,"msprime_expand",0.323485021850935,0.117010191958284,0.559504786190781,"msprime_expand",0.194874766509334,0.191678821227318,0.613446412263348,"msprime_expand",0.115650240362596,0.226809740115046,0.657540019522358,"msprime_expand",0.0974289604284424,0.221475560336334,0.681095479235224,"msprime_expand",0.105181082010864,0.242830455633664,0.651988462355473,"msprime_expand",0.0765847745715553,0.236827458687752,0.686587766740692,"msprime_expand",0.0419410401867925,0.246286230119654,0.711772729693553
"sample_size","msprime_expand",0.309775454989077,0.159948700425887,0.530275844585036,"msprime_expand",0.364506211141295,0.0958280922892647,0.539665696569441,"msprime_expand",0.203930436462577,0.198977187871657,0.597092375665767,"msprime_expand",0.2280984211141,0.201979720699126,0.569921858186773,"msprime_expand",0.12329142085157,0.229593920357174,0.647114658791256,"msprime_expand",0.120623338773838,0.240529252457457,0.638847408768705,"msprime_expand",0.0773757764746088,0.206729834659583,0.715894388865808,"msprime_expand",0.0850865004339884,0.212102663647284,0.702810835918728
"sample_size","msprime_expand",0.327755819363362,0.148028079691878,0.52421610094476,"msprime_expand",0.321038458126378,0.103485442378417,0.575476099495205,"msprime_expand",0.155514041116354,0.18753523835523,0.656950720528415,"msprime_expand",0.137403262859101,0.228700704126358,0.63389603301454,"msprime_expand",0.105315203933431,0.214762654332134,0.679922141734435,"msprime_expand",0.0764817395491712,0.318520446243466,0.604997814207363,"msprime_expand",0.0932889338944728,0.255073978759223,0.651637087346304,"msprime_expand",0.0545758998151539,0.239235952514806,0.70618814767004
"sample_size","msprime_expand",0.297824277951945,0.165591256686945,0.53658446536111,"msprime_expand",0.303132830486842,0.119257842577556,0.577609326935602,"msprime_expand",0.2328428347171,0.19385455803167,0.57330260725123,"msprime_expand",0.12561395770171,0.209135453793526,0.665250588504764,"msprime_expand",0.114556006766077,0.255103051998163,0.63034094123576,"msprime_expand",0.105393742914166,0.247392203814854,0.64721405327098,"msprime_expand",0.0881937805628896,0.22567637841659,0.686129841020521,"msprime_expand",0.0546389336026346,0.215239685811986,0.730121380585379
"sample_size","msprime_expand",0.288669887832906,0.173240951424241,0.538089160742853,"msprime_expand",0.326233909102298,0.12596352518003,0.547802565717672,"msprime_expand",0.182778198326263,0.213248370153259,0.603973431520478,"msprime_expand",0.221144567792121,0.200542853167345,0.578312579040534,"msprime_expand",0.106439734349371,0.218250458824874,0.675309806825755,"msprime_expand",0.140567559741802,0.245837528124787,0.613594912133411,"msprime_expand",0.0867225333315537,0.247920351315409,0.665357115353037,"msprime_expand",0.0774403869181257,0.219790329038435,0.70276928404344
"sample_size","msprime_expand",0.339247186868222,0.155939510302625,0.504813302829153,"msprime_expand",0.311747692992208,0.125842695091067,0.562409611916724,"msprime_expand",0.205071378134495,0.206886570849852,0.588042051015652,"msprime_expand",0.158466369513765,0.201234052437508,0.640299578048726,"msprime_expand",0.106472515722584,0.21539863930573,0.678128844971686,"msprime_expand",0.0771920012587156,0.223903768400516,0.698904230340768,"msprime_expand",0.0835075794481242,0.235234166837993,0.681258253713883,"msprime_expand",0.0663882206007306,0.241369094893467,0.692242684505802
"sample_size","msprime_expand",0.31249215446597,0.150602740371573,0.536905105162457,"msprime_expand",0.298776277720098,0.10172306868956,0.599500653590341,"msprime_expand",0.201153935578081,0.202478074183228,0.596367990238691,"msprime_expand",0.162915721079427,0.201710764721833,0.635373514198741,"msprime_expand",0.119872613185733,0.23413406141345,0.645993325400816,"msprime_expand",0.1029302186924,0.23637735537535,0.660692425932249,"msprime_expand",0.0372335328031274,0.225302449771342,0.73746401742553,"msprime_expand",0.0599731030291456,0.214961066205232,0.725065830765622
"sample_size","msprime_expand",0.30827072720591,0.161237636890584,0.530491635903506,"msprime_expand",0.282928741985313,0.131742179996082,0.585329078018605,"msprime_expand",0.156164013700841,0.21499439245139,0.628841593847768,"msprime_expand",0.160204924609502,0.194095781483848,0.645699293906649,"msprime_expand",0.143082670480067,0.240398898371558,0.616518431148376,"msprime_expand",0.107730143948369,0.265186495342969,0.627083360708662,"msprime_expand",0.0987837406282068,0.235799784834475,0.665416474537318,"msprime_expand",0.044328507124481,0.228562539130021,0.727108953745498
"sample_size","msprime_expand",0.314829682394101,0.170003444637661,0.515166872968238,"msprime_expand",0.24580757002643,0.103420948845693,0.650771481127877,"msprime_expand",0.181405852438129,0.198678197809298,0.619915949752574,"msprime_expand",0.156644098792221,0.217248107408993,0.626107793798786,"msprime_expand",0.131485597840968,0.235235507117598,0.633278895041433,"msprime_expand",0.119093631533382,0.218368218921423,0.662538149545195,"msprime_expand",0.0882829026137994,0.230169212500411,0.68154788488579,"msprime_expand",0.0303182943802947,0.205949191008638,0.763732514611068
"sample_size","msprime_expand",0.326979776010716,0.152683092033953,0.520337131955331,"msprime_expand",0.300282832312897,0.116346555480179,0.583370612206924,"msprime_expand",0.183087673609635,0.171370829949735,0.645541496440629,"msprime_expand",0.106013936054486,0.193580090970839,0.700405972974675,"msprime_expand",0.129740703486318,0.185775716078445,0.684483580435237,"msprime_expand",0.101546733212254,0.237527033444325,0.660926233343421,"msprime_expand",0.0781237971518494,0.244613600275637,0.677262602572514,"msprime_expand",0.0453476174657923,0.209653090499938,0.74499929203427
"sample_size","msprime_expand",0.284264806445933,0.180431114127085,0.535304079426982,"msprime_expand",0.290558275763513,0.100164034671084,0.609277689565402,"msprime_expand",0.195508947334131,0.216541414622892,0.587949638042976,"msprime_expand",0.157483772550978,0.193251178838477,0.649265048610546,"msprime_expand",0.146555259822279,0.209341620517607,0.644103119660113,"msprime_expand",0.10755922975474,0.214248800356364,0.678191969888896,"msprime_expand",0.0815819049107107,0.211598704428793,0.706819390660496,"msprime_expand",0.0629431244643515,0.225558580332278,0.711498295203371
"sample_size","msprime_expand",0.310628882784741,0.162481944109795,0.526889173105464,"msprime_expand",0.294917997442489,0.106209234650457,0.598872767907054,"msprime_expand",0.194742348908826,0.18310322949167,0.622154421599504,"msprime_expand",0.110856447874582,0.228409778956596,0.660733773168822,"msprime_expand",0.0764111444309389,0.183490559053278,0.740098296515783,"msprime_expand",0.0786058244143782,0.20449561202498,0.716898563560641,"msprime_expand",0.0683775660689142,0.238946500410996,0.692675933520089,"msprime_expand",0.0209245056742849,0.188905846210166,0.790169648115549
"sample_size","msprime_expand",0.309178502742784,0.147602782634021,0.543218714623195,"msprime_expand",0.320134678010101,0.098599463377743,0.581265858612156,"msprime_expand",0.189974308229088,0.184484545483998,0.625541146286914,"msprime_expand",0.124120106951192,0.20250455532725,0.673375337721557,"msprime_expand",0.0754509452180656,0.192477818949644,0.73207123583229,"msprime_expand",0.101492832931805,0.240507804388648,0.657999362679547,"msprime_expand",0.0611386765472876,0.220039647966686,0.718821675486026,"msprime_expand",0.0464599071517728,0.192993279171397,0.76054681367683
"sample_size","msprime_expand",0.365264167463495,0.141068505695122,0.493667326841384,"msprime_expand",0.329719550221054,0.110176027658182,0.560104422120764,"msprime_expand",0.226433198234042,0.183020232995474,0.590546568770484,"msprime_expand",0.136210085291151,0.223643253432489,0.640146661276359,"msprime_expand",0.124204561426215,0.211799153404813,0.663996285168972,"msprime_expand",0.107379067731741,0.212288617321512,0.680332314946747,"msprime_expand",0.0668478931041985,0.21347564549832,0.719676461397481,"msprime_expand",0.0609217015428189,0.196744575422169,0.742333723035012
"sample_size","msprime_expand",0.362531987524777,0.137394874798124,0.500073137677099,"msprime_expand",0.304358576139397,0.0902549520111218,0.605386471849481,"msprime_expand",0.180608304747823,0.180598451568804,0.638793243683373,"msprime_expand",0.138695787881035,0.204528235380599,0.656775976738366,"msprime_expand",0.0828858406002615,0.200539921221319,0.716574238178419,"msprime_expand",0.0805523899639114,0.199931772677463,0.719515837358626,"msprime_expand",0.0686473211556907,0.227280363923114,0.704072314921195,"msprime_expand",0.0782278270649306,0.23420668670222,0.687565486232849
"sample_size","msprime_expand",0.323567395468157,0.139279930139857,0.537152674391986,"msprime_expand",0.340418178915851,0.0905372264687316,0.569044594615418,"msprime_expand",0.180225964728112,0.155545687664666,0.664228347607222,"msprime_expand",0.191268323389103,0.188376948582024,0.620354728028873,"msprime_expand",0.110408293513518,0.228910991861945,0.660680714624537,"msprime_expand",0.0692054963284863,0.198397984176153,0.732396519495361,"msprime_expand",0.064083852554206,0.207684930770748,0.728231216675047,"msprime_expand",0.0509445845501161,0.206086229166486,0.742969186283398
"sample_size","msprime_expand",0.329697765214279,0.139381433576581,0.53092080120914,"msprime_expand",0.343884010952995,0.0924311576169738,0.563684831430031,"msprime_expand",0.167595363213453,0.173463635571532,0.658941001215015,"msprime_expand",0.131102953592845,0.216200071982998,0.652696974424158,"msprime_expand",0.114895339286977,0.198520187935064,0.686584472777959,"msprime_expand",0.125064902459015,0.248361517242292,0.626573580298693,"msprime_expand",0.0599932204009812,0.202929749605729,0.73707702999329,"msprime_expand",0.0459376214801783,0.215661282280666,0.738401096239156
"sample_size","msprime_expand",0.286587186023168,0.148227426649249,0.565185387327583,"msprime_expand",0.311144143845973,0.091181171684168,0.597674684469859,"msprime_expand",0.165735551962757,0.171142643899354,0.663121804137889,"msprime_expand",0.180505811116818,0.186292355860742,0.63320183302244,"msprime_expand",0.120952891381276,0.219465735947828,0.659581372670896,"msprime_expand",0.0999758677944777,0.221728033066798,0.678296099138725,"msprime_expand",0.0801710010956765,0.210152012686478,0.709676986217845,"msprime_expand",0.0543834307238042,0.259842876230092,0.685773693046104
"sample_size","msprime_expand",0.288300543072927,0.151421077035535,0.560278379891538,"msprime_expand",0.290185589991745,0.104104169097488,0.605710240910767,"msprime_expand",0.177592557581474,0.195325354469445,0.627082087949081,"msprime_expand",0.158026704954455,0.218026482217863,0.623946812827682,"msprime_expand",0.119489317419951,0.203094879454987,0.677415803125062,"msprime_expand",0.145322009174592,0.201945335537984,0.652732655287424,"msprime_expand",0.112843419876426,0.212525346918164,0.67463123320541,"msprime_expand",0.0603795646651092,0.237453451185812,0.702166984149079
"sample_size","msprime_expand",0.291232847085121,0.148903463146493,0.559863689768386,"msprime_expand",0.308837198329195,0.087207168114775,0.60395563355603,"msprime_expand",0.195218824662379,0.166579530517731,0.638201644819891,"msprime_expand",0.128563145201529,0.193840128844162,0.677596725954308,"msprime_expand",0.0981991459049405,0.209356930217448,0.692443923877611,"msprime_expand",0.0835710868702447,0.22040465856933,0.696024254560425,"msprime_expand",0.0706366882873725,0.220147926010728,0.7092153857019,"msprime_expand",0.057451633743955,0.18136061038358,0.761187755872465
"sample_size","msprime_expand",0.296876611814984,0.143301752995613,0.559821635189403,"msprime_expand",0.299285678405289,0.0954785508701836,0.605235770724528,"msprime_expand",0.156710202999684,0.178337115633206,0.664952681367109,"msprime_expand",0.13213557587208,0.190980322505157,0.676884101622763,"msprime_expand",0.132776812551967,0.192682930224655,0.674540257223377,"msprime_expand",0.0885995244540959,0.201173638069884,0.710226837476021,"msprime_expand",0.0459482970099087,0.186616060835575,0.767435642154516,"msprime_expand",0.0306307943333843,0.228543435304324,0.740825770362291
"sample_size","msprime_expand",0.300155342221869,0.143991720374791,0.555852937403339,"msprime_expand",0.325082102397855,0.087149441737082,0.587768455865063,"msprime_expand",0.189661788677571,0.203406310518374,0.606931900804055,"msprime_expand",0.11492094075441,0.188249303788459,0.696829755457131,"msprime_expand",0.0833640593239687,0.203434774528643,0.713201166147388,"msprime_expand",0.09467438137433,0.217695290693388,0.687630327932283,"msprime_expand",0.0647401337399834,0.218634392215741,0.716625474044275,"msprime_expand",0.0723564974989548,0.200004079953961,0.727639422547084
"sample_size","msprime_expand",0.285673023570592,0.143580967335472,0.570746009093936,"msprime_expand",0.30255416163475,0.0845600651283854,0.612885773236864,"msprime_expand",0.197604565231617,0.192898288094888,0.609497146673496,"msprime_expand",0.154237009143712,0.179848187228431,0.665914803627857,"msprime_expand",0.0991198993257262,0.186892249613453,0.713987851060821,"msprime_expand",0.0946750514218938,0.201319014126578,0.704005934451528,"msprime_expand",0.0613247790050753,0.200967072008948,0.737708148985977,"msprime_expand",0.0321940832658996,0.194146179891798,0.773659736842302
"sample_size","msprime_expand",0.288711224857701,0.135134703892857,0.576154071249442,"msprime_expand",0.287713051381592,0.108541335091917,0.60374561352649,"msprime_expand",0.191309744484431,0.172869911204069,0.6358203443115,"msprime_expand",0.148329906180838,0.184346698136493,0.667323395682669,"msprime_expand",0.125019894545945,0.184649802783405,0.69033030267065,"msprime_expand",0.0701209194068485,0.207802651287187,0.722076429305964,"msprime_expand",0.0736665863588221,0.190501852343152,0.735831561298026,"msprime_expand",0.0741306155035804,0.226723263917522,0.699146120578898
"sample_size","msprime_expand",0.310600786323662,0.129323813199786,0.560075400476552,"msprime_expand",0.252252274013744,0.115824391150918,0.631923334835339,"msprime_expand",0.167599217822975,0.16814853316755,0.664252249009475,"msprime_expand",0.173378324148816,0.164268591704503,0.662353084146681,"msprime_expand",0.096033024988701,0.186018882236908,0.717948092774391,"msprime_expand",0.106926590850255,0.203238640297866,0.689834768851879,"msprime_expand",0.0381399963717328,0.208617503142259,0.753242500486009,"msprime_expand",0.0514802160973032,0.21147908619432,0.737040697708377
"sample_size","msprime_expand",0.280745997123787,0.140406537655817,0.578847465220397,"msprime_expand",0.275201233301974,0.09710127430236,0.627697492395666,"msprime_expand",0.168494426056387,0.189641841049078,0.641863732894536,"msprime_expand",0.135343341142889,0.197929800191069,0.666726858666042,"msprime_expand",0.106275387169738,0.199150791697404,0.694573821132858,"msprime_expand",0.0951891484358764,0.198741732230653,0.706069119333471,"msprime_expand",0.0808204074904106,0.218274726014158,0.700904866495431,"msprime_expand",0.0404326391588855,0.199091380827904,0.760475980013211
"sample_size","msprime_expand",0.252741734937896,0.157742909581304,0.589515355480799,"msprime_expand",0.254399918190779,0.105498836036982,0.640101245772238,"msprime_expand",0.147640337379047,0.181520169806073,0.670839492814879,"msprime_expand",0.145376018661833,0.186300519696289,0.668323461641878,"msprime_expand",0.0912324703382479,0.215732243661152,0.6930352860006,"msprime_expand",0.0929024835420813,0.197821533150303,0.709275983307616,"msprime_expand",0.0951738894871545,0.178944530990179,0.725881579522667,"msprime_expand",0.0418174987469679,0.203330064898783,0.754852436354249
"sample_size","msprime_expand",0.299572067300617,0.13215017932994,0.568277753369443,"msprime_expand",0.274185614089972,0.0979580453259562,0.627856340584072,"msprime_expand",0.149076125252928,0.190964908079357,0.659958966667716,"msprime_expand",0.149915488722859,0.160495661311576,0.689588849965564,"msprime_expand",0.121876301383141,0.17835930443469,0.69976439418217,"msprime_expand",0.0775847330324717,0.170595740865086,0.751819526102442,"msprime_expand",0.0732224264794873,0.187162596698184,0.739614976822329,"msprime_expand",0.0630282765418064,0.196298766638279,0.740672956819914
"sample_size","msprime_expand",0.300380828824601,0.126268155634263,0.573351015541136,"msprime_expand",0.267366495477069,0.0903470858724075,0.642286418650523,"msprime_expand",0.196763147802299,0.146630601199686,0.656606250998015,"msprime_expand",0.140142140387515,0.189957885094373,0.669899974518111,"msprime_expand",0.0753554115256003,0.206436952124321,0.718207636350079,"msprime_expand",0.0966796982661049,0.202589218393679,0.700731083340216,"msprime_expand",0.0763782187661211,0.222107166845766,0.701514614388113,"msprime_expand",0.0303932094920152,0.21964689642097,0.749959894087015
