,X,Y,Z
0,5.215844499999999,0.00014480122200000002,-28760.201511104377
1,5.215844499999999,0.0013394113034999999,-25673.42946516384
2,5.215844499999999,0.0025340213849999998,-23364.925047249337
3,5.215844499999999,0.0037286314664999997,-21595.243584855267
4,5.215844499999999,0.004923241548,-20215.330037770134
5,5.215844499999999,0.0061178516294999995,-19127.180098227105
6,5.215844499999999,0.0073124617109999995,-18263.340357569836
7,5.215844499999999,0.0085070717925,-17575.664430471996
8,5.215844499999999,0.009701681874,-17028.756577113065
9,5.215844499999999,0.0108962919555,-16595.952236529876
10,5.215844499999999,0.012090902037,-16256.749241141904
11,5.215844499999999,0.013285512118499999,-15995.107598642306
12,5.215844499999999,0.014480122199999999,-15798.28998436031
13,5.215844499999999,0.0156747322815,-15656.050310534132
14,5.215844499999999,0.016869342363,-15560.05297819788
15,5.215844499999999,0.0180639524445,-15503.448955778455
16,5.215844499999999,0.019258562526,-15480.560897782103
17,5.215844499999999,0.0204531726075,-15486.645604154448
18,5.215844499999999,0.021647782689,-15395.171485777735
19,5.215844499999999,0.0228423927705,-15304.298255168955
20,5.215844499999999,0.024037002852,-15272.037118111088
21,5.215844499999999,0.0252316129335,-15286.05107409523
22,5.215844499999999,0.026426223015,-15337.133974430873
23,5.215844499999999,0.0276208330965,-15418.238894594344
24,5.215844499999999,0.028815443178,-15523.862413842975
25,48.246561625,0.00014480122200000002,-28639.040181530858
26,48.246561625,0.0013394113034999999,-24777.71539690765
27,48.246561625,0.0025340213849999998,-21764.099910568075
28,48.246561625,0.0037286314664999997,-19390.221521764965
29,48.246561625,0.004923241548,-17514.04863445235
30,48.246561625,0.0061178516294999995,-16031.757244472608
31,48.246561625,0.0073124617109999995,-14865.921909873186
32,48.246561625,0.0085070717925,-13957.595129000676
33,48.246561625,0.009701681874,-13261.071971261115
34,48.246561625,0.0108962919555,-12740.354949242614
35,48.246561625,0.012090902037,-12366.70649042276
36,48.246561625,0.013285512118499999,-12116.914244980791
37,48.246561625,0.014480122199999999,-11972.03557036048
38,48.246561625,0.0156747322815,-11916.471798186982
39,48.246561625,0.016869342363,-11937.274348895384
40,48.246561625,0.0180639524445,-12023.616986502697
41,48.246561625,0.019258562526,-12166.389183730827
42,48.246561625,0.0204531726075,-12357.87914071995
43,48.246561625,0.021647782689,-12591.524095584611
44,48.246561625,0.0228423927705,-12861.711777950124
45,48.246561625,0.024037002852,-13163.621174382726
46,48.246561625,0.0252316129335,-13493.09382307604
47,48.246561625,0.026426223015,-13846.529040412632
48,48.246561625,0.0276208330965,-14220.79806932124
49,48.246561625,0.028815443178,-14613.173304968152
50,91.27727875,0.00014480122200000002,-28629.041153371447
51,91.27727875,0.0013394113034999999,-24699.90316639247
52,91.27727875,0.0025340213849999998,-21652.545914843122
53,91.27727875,0.0037286314664999997,-19246.277709685575
54,91.27727875,0.004923241548,-17343.182876720402
55,91.27727875,0.0061178516294999995,-15841.44990303794
56,91.27727875,0.0073124617109999995,-14664.42162667954
57,91.27727875,0.0085070717925,-13753.281767020242
58,91.27727875,0.009701681874,-13062.11487915889
59,91.27727875,0.0108962919555,-12554.525971384015
60,91.27727875,0.012090902037,-12201.280391656595
61,91.27727875,0.013285512118499999,-11978.621257054952
62,91.27727875,0.014480122199999999,-11867.046115100791
63,91.27727875,0.0156747322815,-11850.401429929714
64,91.27727875,0.016869342363,-11915.201412337878
65,91.27727875,0.0180639524445,-12050.108112851236
66,91.27727875,0.019258562526,-12245.529372744391
67,91.27727875,0.0204531726075,-12493.304221019049
68,91.27727875,0.021647782689,-12786.45405093561
69,91.27727875,0.0228423927705,-13118.983902458276
70,91.27727875,0.024037002852,-13485.722352113917
71,91.27727875,0.0252316129335,-13882.191463788671
72,91.27727875,0.026426223015,-14304.50037442609
73,91.27727875,0.0276208330965,-14749.257626805123
74,91.27727875,0.028815443178,-15213.498495570926
75,134.307995875,0.00014480122200000002,-28628.240050288212
76,134.307995875,0.0013394113034999999,-24653.290473699322
77,134.307995875,0.0025340213849999998,-21598.423773536084
78,134.307995875,0.0037286314664999997,-19184.963095182702
79,134.307995875,0.004923241548,-17275.27146456668
80,134.307995875,0.0061178516294999995,-15768.818318375825
81,134.307995875,0.0073124617109999995,-14589.683327522493
82,134.307995875,0.0085070717925,-13679.409160234056
83,134.307995875,0.009701681874,-12992.217573525075
84,134.307995875,0.0108962919555,-12491.720319379307
85,134.307995875,0.012090902037,-12148.611385723081
86,134.307995875,0.013285512118499999,-11939.015442911492
87,134.307995875,0.014480122199999999,-11843.283600808894
88,134.307995875,0.0156747322815,-11845.100067208801
89,134.307995875,0.016869342363,-11930.808963070749
90,134.307995875,0.0180639524445,-12088.899770804437
91,134.307995875,0.019258562526,-12309.608930720005
92,134.307995875,0.0204531726075,-12584.607737020571
93,134.307995875,0.021647782689,-12906.75522332283
94,134.307995875,0.0228423927705,-13269.900596378891
95,134.307995875,0.024037002852,-13668.723875045296
96,134.307995875,0.0252316129335,-14098.606296051445
97,134.307995875,0.026426223015,-14555.524135452484
98,134.307995875,0.0276208330965,-15035.961113532123
99,134.307995875,0.028815443178,-15536.83566962761
100,177.33871299999998,0.00014480122200000002,-28629.539125300857
101,177.33871299999998,0.0013394113034999999,-24617.21723689565
102,177.33871299999998,0.0025340213849999998,-21559.15196083573
103,177.33871299999998,0.0037286314664999997,-19144.963686763014
104,177.33871299999998,0.004923241548,-17234.323666877666
105,177.33871299999998,0.0061178516294999995,-15727.26739359893
106,177.33871299999998,0.0073124617109999995,-14548.443358241748
107,177.33871299999998,0.0085070717925,-13639.750720667096
108,177.33871299999998,0.009701681874,-12955.609055262208
109,177.33871299999998,0.0108962919555,-12459.725497032232
110,177.33871299999998,0.012090902037,-12122.824498309334
111,177.33871299999998,0.013285512118499999,-11921.019823005317
112,177.33871299999998,0.014480122199999999,-11834.625131479172
113,177.33871299999998,0.0156747322815,-11847.270160087617
114,177.33871299999998,0.016869342363,-11945.233793634077
115,177.33871299999998,0.0180639524445,-12116.933720169991
116,177.33871299999998,0.019258562526,-12352.530913943232
117,177.33871299999998,0.0204531726075,-12643.61954718107
118,177.33871299999998,0.021647782689,-12982.981303272078
119,177.33871299999998,0.0228423927705,-13364.388831955177
120,177.33871299999998,0.024037002852,-13782.447122655998
121,177.33871299999998,0.0252316129335,-14232.464438355293
122,177.33871299999998,0.026426223015,-14710.346513162189
123,177.33871299999998,0.0276208330965,-15212.509220180244
124,177.33871299999998,0.028815443178,-15735.806023215515
125,220.36943012499998,0.00014480122200000002,-28631.282466064662
126,220.36943012499998,0.0013394113034999999,-24587.721611165543
127,220.36943012499998,0.0025340213849999998,-21526.25665154055
128,220.36943012499998,0.0037286314664999997,-19113.378565288458
129,220.36943012499998,0.004923241548,-17204.010472905422
130,220.36943012499998,0.0061178516294999995,-15698.081058759159
131,220.36943012499998,0.0073124617109999995,-14520.605370194973
132,220.36943012499998,0.0085070717925,-13613.787630328097
133,220.36943012499998,0.009701681874,-12932.248694995107
134,220.36943012499998,0.0108962919555,-12439.816988055423
135,220.36943012499998,0.012090902037,-12107.283268890347
136,220.36943012499998,0.013285512118499999,-11910.790733100017
137,220.36943012499998,0.014480122199999999,-11830.65777823446
138,220.36943012499998,0.0156747322815,-11850.502281109806
139,220.36943012499998,0.016869342363,-11956.580093513514
140,220.36943012499998,0.0180639524445,-12137.278380521042
141,220.36943012499998,0.019258562526,-12382.722645817512
142,220.36943012499998,0.0204531726075,-12684.468426655567
143,220.36943012499998,0.021647782689,-13035.2568767819
144,220.36943012499998,0.0228423927705,-13428.819138068893
145,220.36943012499998,0.024037002852,-13859.71838328069
146,220.36943012499998,0.0252316129335,-14323.221243200282
147,220.36943012499998,0.026426223015,-14815.192370381239
148,220.36943012499998,0.0276208330965,-15332.007379463168
149,220.36943012499998,0.028815443178,-15870.480501503322
150,263.40014725,0.00014480122200000002,-28633.007967550617
151,263.40014725,0.0013394113034999999,-24563.31296356146
152,263.40014725,0.0025340213849999998,-21497.176994949517
153,263.40014725,0.0037286314664999997,-19086.05071321404
154,263.40014725,0.004923241548,-17178.889082572558
155,263.40014725,0.0061178516294999995,-15674.927616789924
156,263.40014725,0.0073124617109999995,-14499.338559878237
157,263.40014725,0.0085070717925,-13594.560439990813
158,263.40014725,0.009701681874,-12915.397648267144
159,263.40014725,0.0108962919555,-12425.803973178588
160,263.40014725,0.012090902037,-12096.650101227659
161,263.40014725,0.013285512118499999,-11904.12659138839
162,263.40014725,0.014480122199999999,-11828.57642042972
163,263.40014725,0.0156747322815,-11853.626177496122
164,263.40014725,0.016869342363,-11965.529363454089
165,263.40014725,0.0180639524445,-12152.66306643795
166,263.40014725,0.019258562526,-12405.137324254953
167,263.40014725,0.0204531726075,-12714.48847426483
168,263.40014725,0.021647782689,-13073.435922515473
169,263.40014725,0.0228423927705,-13475.68737601883
170,263.40014725,0.024037002852,-13915.781517334619
171,263.40014725,0.0252316129335,-14388.959900493512
172,263.40014725,0.026426223015,-14891.061865981032
173,263.40014725,0.0276208330965,-15418.437746334725
174,263.40014725,0.028815443178,-15967.876722111414
175,306.43086437499994,0.00014480122200000002,-28634.58647020039
176,306.43086437499994,0.0013394113034999999,-24543.091467704875
177,306.43086437499994,0.0025340213849999998,-21470.937755239866
178,306.43086437499994,0.0037286314664999997,-19061.334040987793
179,306.43086437499994,0.004923241548,-17156.71044952566
180,306.43086437499994,0.0061178516294999995,-15655.131377842023
181,306.43086437499994,0.0073124617109999995,-14481.725771722828
182,306.43086437499994,0.0085070717925,-13579.08790959505
183,306.43086437499994,0.009701681874,-12902.17773875401
184,306.43086437499994,0.0108962919555,-12415.068198430565
185,306.43086437499994,0.012090902037,-12088.713466836693
186,306.43086437499994,0.013285512118499999,-11899.359554217117
187,306.43086437499994,0.014480122199999999,-11827.38420098292
188,306.43086437499994,0.0156747322815,-11856.43381460103
189,306.43086437499994,0.016869342363,-11972.770978871804
190,306.43086437499994,0.0180639524445,-12164.77415462644
191,306.43086437499994,0.019258562526,-12422.54920887295
192,306.43086437499994,0.0204531726075,-12737.624323102562
193,306.43086437499994,0.021647782689,-13102.707891920134
194,306.43086437499994,0.0228423927705,-13511.494581478035
195,306.43086437499994,0.024037002852,-13958.508614279914
196,306.43086437499994,0.0252316129335,-14438.976120199319
197,306.43086437499994,0.026426223015,-14948.720394098105
198,306.43086437499994,0.0276208330965,-15484.075361652347
199,306.43086437499994,0.028815443178,-16041.813634541817
200,349.46158149999997,0.00014480122200000002,-28635.99311781496
201,349.46158149999997,0.0013394113034999999,-24526.37366887921
202,349.46158149999997,0.0025340213849999998,-21447.084312526196
203,349.46158149999997,0.0037286314664999997,-19038.48948810373
204,349.46158149999997,0.004923241548,-17136.41937051249
205,349.46158149999997,0.0061178516294999995,-15637.400660989992
206,349.46158149999997,0.0073124617109999995,-14466.336737916317
207,349.46158149999997,0.0085070717925,-13565.897736809813
208,349.46158149999997,0.009701681874,-12891.166012182657
209,349.46158149999997,0.0108962919555,-12406.321806220907
210,349.46158149999997,0.012090902037,-12082.400908396943
211,349.46158149999997,0.013285512118499999,-11895.707676727909
212,349.46158149999997,0.014480122199999999,-11826.659822341791
213,349.46158149999997,0.0156747322815,-11858.929874468078
214,349.46158149999997,0.016869342363,-11978.796283019674
215,349.46158149999997,0.0180639524445,-12174.645822952836
216,349.46158149999997,0.019258562526,-12436.587118832089
217,349.46158149999997,0.0204531726075,-12756.147018630994
218,349.46158149999997,0.021647782689,-13126.029570704042
219,349.46158149999997,0.0228423927705,-13539.922879891717
220,349.46158149999997,0.024037002852,-13992.342986584797
221,349.46158149999997,0.0252316129335,-14478.506663880471
222,349.46158149999997,0.026426223015,-14994.227012891497
223,349.46158149999997,0.0276208330965,-15535.827186257065
224,349.46158149999997,0.028815443178,-16100.068641445889
225,392.492298625,0.00014480122200000002,-28637.236568699744
226,392.492298625,0.0013394113034999999,-24512.598745223222
227,392.492298625,0.0025340213849999998,-21425.353172439933
228,392.492298625,0.0037286314664999997,-19017.15222990199
229,392.492298625,0.004923241548,-17117.477547014434
230,392.492298625,0.0061178516294999995,-15621.054908237675
231,392.492298625,0.0073124617109999995,-14452.40284827765
232,392.492298625,0.0085070717925,-13554.190116076357
233,392.492298625,0.009701681874,-12881.586078176222
234,392.492298625,0.0108962919555,-12398.863198107809
235,392.492298625,0.012090902037,-12077.133737576678
236,392.492298625,0.013285512118499999,-11892.760213531494
237,392.492298625,0.014480122199999999,-11826.202610383974
238,392.492298625,0.0156747322815,-11861.163129365299
239,392.492298625,0.016869342363,-11983.940239627926
240,392.492298625,0.0180639524445,-12182.933445096545
241,392.492298625,0.019258562526,-12448.258621144112
242,392.492298625,0.0204531726075,-12771.445754415008
243,392.492298625,0.021647782689,-13145.198943983745
244,392.492298625,0.0228423927705,-13563.204025813797
245,392.492298625,0.024037002852,-14019.973030390403
246,392.492298625,0.0252316129335,-14510.717417962103
247,392.492298625,0.026426223015,-15031.244007660225
248,392.492298625,0.0276208330965,-15577.868957085771
249,392.492298625,0.028815443178,-16147.346213472641
250,435.52301574999996,0.00014480122200000002,-28638.33504815198
251,435.52301574999996,0.0013394113034999999,-24501.297248690393
252,435.52301574999996,0.0025340213849999998,-21405.556545013784
253,435.52301574999996,0.0037286314664999997,-18997.124900085873
254,435.52301574999996,0.004923241548,-17099.59305561671
255,435.52301574999996,0.0061178516294999995,-15605.712899133152
256,435.52301574999996,0.0073124617109999995,-14439.483529045476
257,435.52301574999996,0.0085070717925,-13543.500162754794
258,435.52301574999996,0.009701681874,-12872.983405291387
259,435.52301574999996,0.0108962919555,-12392.281071486286
260,435.52301574999996,0.012090902037,-12072.574720013028
261,435.52301574999996,0.013285512118499999,-11890.282865175537
262,435.52301574999996,0.014480122199999999,-11825.9082201867
263,435.52301574999996,0.0156747322815,-11863.184481271901
264,435.52301574999996,0.016869342363,-11988.43266286416
265,435.52301574999996,0.0180639524445,-12190.067867579399
266,435.52301574999996,0.019258562526,-12458.216238107954
267,435.52301574999996,0.0204531726075,-12784.413954342304
268,435.52301574999996,0.021647782689,-13161.368198633525
269,435.52301574999996,0.0228423927705,-13582.765515630703
270,435.52301574999996,0.024037002852,-14043.11683075171
271,435.52301574999996,0.0252316129335,-14537.631114344487
272,435.52301574999996,0.026426223015,-15062.111640270801
273,435.52301574999996,0.0276208330965,-15612.870219887653
274,435.52301574999996,0.028815443178,-16186.65585077789
275,478.5537328749999,0.00014480122200000002,-28639.307973458042
276,478.5537328749999,0.0013394113034999999,-24492.075090698676
277,478.5537328749999,0.0025340213849999998,-21387.539276766387
278,478.5537328749999,0.0037286314664999997,-18978.288831339727
279,478.5537328749999,0.004923241548,-17082.599265856563
280,478.5537328749999,0.0061178516294999995,-15591.151156875645
281,478.5537328749999,0.0073124617109999995,-14427.313993794041
282,478.5537328749999,0.0085070717925,-13533.543826154322
283,478.5537328749999,0.009701681874,-12865.077580191613
284,478.5537328749999,0.0108962919555,-12386.320714671507
285,478.5537328749999,0.012090902037,-12068.515640166628
286,478.5537328749999,0.013285512118499999,-11888.133395974346
287,478.5537328749999,0.014480122199999999,-11825.718636617928
288,478.5537328749999,0.0156747322815,-11865.037219581029
289,478.5537328749999,0.016869342363,-11992.434152515645
290,478.5537328749999,0.0180639524445,-12196.341994178783
291,478.5537328749999,0.019258562526,-12466.89921304712
292,478.5537328749999,0.0204531726075,-12795.650324092796
293,478.5537328749999,0.021647782689,-13175.307751600332
294,478.5537328749999,0.0228423927705,-13599.560886964047
295,478.5537328749999,0.024037002852,-14062.92164728825
296,478.5537328749999,0.0252316129335,-14560.598557372621
297,478.5537328749999,0.026426223015,-15088.393332168227
298,478.5537328749999,0.0276208330965,-15642.615362713825
299,478.5537328749999,0.028815443178,-16220.010561760379
300,521.58445,0.00014480122200000002,-28640.173144761313
301,521.58445,0.0013394113034999999,-24484.6018126033
302,521.58445,0.0025340213849999998,-21371.162495052955
303,521.58445,0.0037286314664999997,-18960.56336929793
304,521.58445,0.004923241548,-17066.39610470249
305,521.58445,0.0061178516294999995,-15577.23383413165
306,521.58445,0.0073124617109999995,-14415.729256325612
307,521.58445,0.0085070717925,-13524.140820680168
308,521.58445,0.009701681874,-12857.688526110018
309,521.58445,0.0108962919555,-12380.817585229584
310,521.58445,0.012090902037,-12064.822063640033
311,521.58445,0.013285512118499999,-11886.221172765117
312,521.58445,0.014480122199999999,-11825.599855549899
313,521.58445,0.0156747322815,-11866.755986180813
314,521.58445,0.016869342363,-11996.059261272516
315,521.58445,0.0180639524445,-12201.96085307297
316,521.58445,0.019258562526,-12474.612957928577
317,521.58445,0.0204531726075,-12805.569947595814
318,521.58445,0.021647782689,-13187.551057208133
319,521.58445,0.0228423927705,-13614.250099245384
320,521.58445,0.024037002852,-14080.18153839512
321,521.58445,0.0252316129335,-14580.55497804002
322,521.58445,0.026426223015,-15111.172059479552
323,521.58445,0.0276208330965,-15668.341196323323
324,521.58445,0.028815443178,-16248.806615609545
325,564.615167125,0.00014480122200000002,-28640.945997014936
326,564.615167125,0.0013394113034999999,-24478.600664627123
327,564.615167125,0.0025340213849999998,-21356.29756156468
328,564.615167125,0.0037286314664999997,-18943.886459499663
329,564.615167125,0.004923241548,-17050.919859856534
330,564.615167125,0.0061178516294999995,-15563.875659749552
331,564.615167125,0.0073124617109999995,-14404.6235180939
332,564.615167125,0.0085070717925,-13515.173263301125
333,564.615167125,0.009701681874,-12850.696903672053
334,564.615167125,0.0108962919555,-12375.66179118377
335,564.615167125,0.012090902037,-12061.404064270593
336,564.615167125,0.013285512118499999,-11884.48617103175
337,564.615167125,0.014480122199999999,-11825.531077857382
338,564.615167125,0.0156747322815,-11868.367945417518
339,564.615167125,0.016869342363,-11999.391309985695
340,564.615167125,0.0180639524445,-12207.071609651965
341,564.615167125,0.019258562526,-12481.575700781088
342,564.615167125,0.0204531726075,-12814.468893174213
343,564.615167125,0.021647782689,-13198.478385916951
344,564.615167125,0.0228423927705,-13627.303591824128
345,564.615167125,0.024037002852,-14095.46270174406
346,564.615167125,0.0252316129335,-14598.167560022122
347,564.615167125,0.026426223015,-15131.22087175968
348,564.615167125,0.0276208330965,-15690.931181049527
349,564.615167125,0.028815443178,-16274.042105353783
350,607.6458842499999,0.00014480122200000002,-28641.63960743919
351,607.6458842499999,0.0013394113034999999,-24473.839992905145
352,607.6458842499999,0.0025340213849999998,-21342.824017610015
353,607.6458842499999,0.0037286314664999997,-18928.20521073015
354,607.6458842499999,0.004923241548,-17036.126994962255
355,607.6458842499999,0.0061178516294999995,-15551.021358776406
356,607.6458842499999,0.0073124617109999995,-14393.927268057665
357,607.6458842499999,0.0085070717925,-13506.56220200635
358,607.6458842499999,0.009701681874,-12844.021604613934
359,607.6458842499999,0.0108962919555,-12370.777948512616
360,607.6458842499999,0.012090902037,-12058.19974340777
361,607.6458842499999,0.013285512118499999,-11882.887371389897
362,607.6458842499999,0.014480122199999999,-11825.49912447071
363,607.6458842499999,0.0156747322815,-11869.89428915557
364,607.6458842499999,0.016869342363,-12002.491986478519
365,607.6458842499999,0.0180639524445,-12211.782196586433
366,607.6458842499999,0.019258562526,-12487.947019542476
367,607.6458842499999,0.0204531726075,-12822.563460000323
368,607.6458842499999,0.021647782689,-13208.367529898042
369,607.6458842499999,0.0228423927705,-13639.065134447035
370,607.6458842499999,0.024037002852,-14109.179096426833
371,607.6458842499999,0.0252316129335,-14613.924403076519
372,607.6458842499999,0.026426223015,-15149.10571114768
373,607.6458842499999,0.0276208330965,-15711.032563168701
374,607.6458842499999,0.028815443178,-16296.448812050134
375,650.6766013749999,0.00014480122200000002,-28642.26495465905
376,650.6766013749999,0.0013394113034999999,-24470.125824773586
377,650.6766013749999,0.0025340213849999998,-21330.628997143493
378,650.6766013749999,0.0037286314664999997,-18913.471322741374
379,650.6766013749999,0.004923241548,-17021.98522323151
380,650.6766013749999,0.0061178516294999995,-15538.633777238152
381,650.6766013749999,0.0073124617109999995,-14383.593809679263
382,650.6766013749999,0.0085070717925,-13498.253685549624
383,650.6766013749999,0.009701681874,-12837.606352030647
384,650.6766013749999,0.0108962919555,-12366.113198945935
385,650.6766013749999,0.012090902037,-12055.165481452517
386,650.6766013749999,0.013285512118499999,-11881.396005793755
387,650.6766013749999,0.014480122199999999,-11825.495390844719
388,650.6766013749999,0.0156747322815,-11871.351569885634
389,650.6766013749999,0.016869342363,-12005.407686686382
390,650.6766013749999,0.0180639524445,-12216.173252788845
391,650.6766013749999,0.019258562526,-12493.84593000822
392,650.6766013749999,0.0204531726075,-12830.014928402019
393,650.6766013749999,0.021647782689,-13217.425692131752
394,650.6766013749999,0.0228423927705,-13649.79129549394
395,650.6766013749999,0.024037002852,-14121.639895546934
396,650.6766013749999,0.0252316129335,-14628.190331092334
397,650.6766013749999,0.026426223015,-15165.249913852227
398,650.6766013749999,0.0276208330965,-15729.129875902428
399,650.6766013749999,0.028815443178,-16316.574980632375
400,693.7073184999999,0.00014480122200000002,-28642.831234116686
401,693.7073184999999,0.0013394113034999999,-24467.295571846556
402,693.7073184999999,0.0025340213849999998,-21319.60709481635
403,693.7073184999999,0.0037286314664999997,-18899.63893945499
404,693.7073184999999,0.004923241548,-17008.46849830936
405,693.7073184999999,0.0061178516294999995,-15526.686827848283
406,693.7073184999999,0.0073124617109999995,-14373.591060590814
407,693.7073184999999,0.0085070717925,-13490.210188111481
408,693.7073184999999,0.009701681874,-12831.411411616404
409,693.7073184999999,0.0108962919555,-12361.629794484861
410,693.7073184999999,0.012090902037,-12052.269930354047
411,693.7073184999999,0.013285512118499999,-11879.991453622852
412,693.7073184999999,0.014480122199999999,-11825.514110168113
413,693.7073184999999,0.0156747322815,-11872.752766305231
414,693.7073184999999,0.016869342363,-12008.173791705714
415,693.7073184999999,0.0180639524445,-12220.305996133424
416,693.7073184999999,0.019258562526,-12499.362714374087
417,693.7073184999999,0.0204531726075,-12836.945680983976
418,693.7073184999999,0.021647782689,-13225.810214016883
419,693.7073184999999,0.0228423927705,-13659.677067683635
420,693.7073184999999,0.024037002852,-14133.080279869286
421,693.7073184999999,0.0252316129335,-14641.24310233226
422,693.7073184999999,0.026426223015,-15179.976065100751
423,693.7073184999999,0.0276208330965,-15745.592647232785
424,693.7073184999999,0.028815443178,-16334.839069445823
425,736.738035625,0.00014480122200000002,-28643.346157175223
426,736.738035625,0.0013394113034999999,-24465.212742864573
427,736.738035625,0.0025340213849999998,-21309.66029885077
428,736.738035625,0.0037286314664999997,-18886.663718595708
429,736.738035625,0.004923241548,-16995.554185292385
430,736.738035625,0.0061178516294999995,-15515.161208559308
431,736.738035625,0.0073124617109999995,-14363.896424195897
432,736.738035625,0.0085070717925,-13482.405169587268
433,736.738035625,0.009701681874,-12825.408298880997
434,736.738035625,0.0108962919555,-12357.300353634142
435,736.738035625,0.012090902037,-12049.490181738662
436,736.738035625,0.013285512118499999,-11878.658655796731
437,736.738035625,0.014480122199999999,-11825.551324727276
438,736.738035625,0.0156747322815,-11874.108103749102
439,736.738035625,0.016869342363,-12010.817611608716
440,736.738035625,0.0180639524445,-12224.227548625882
441,736.738035625,0.019258562526,-12504.566870138893
442,736.738035625,0.0204531726075,-12843.450002559084
443,736.738035625,0.021647782689,-13233.64243896785
444,736.738035625,0.0228423927705,-13668.87299369238
445,736.738035625,0.024037002852,-14143.68200987239
446,736.738035625,0.0252316129335,-14653.297598761577
447,736.738035625,0.026426223015,-15193.53396335813
448,736.738035625,0.0276208330965,-15760.707283750819
449,736.738035625,0.028815443178,-16351.565686089734
450,779.76875275,0.00014480122200000002,-28643.816210838377
451,779.76875275,0.0013394113034999999,-24463.76253986148
452,779.76875275,0.0025340213849999998,-21300.697857047933
453,779.76875275,0.0037286314664999997,-18874.50250265091
454,779.76875275,0.004923241548,-16983.221472113415
455,779.76875275,0.0061178516294999995,-15504.041765224902
456,779.76875275,0.0073124617109999995,-14354.493512686902
457,779.76875275,0.0085070717925,-13474.819538567172
458,779.76875275,0.009701681874,-12819.576308271715
459,779.76875275,0.0108962919555,-12353.104740655626
460,779.76875275,0.012090902037,-12046.809250230917
461,779.76875275,0.013285512118499999,-11877.386434236872
462,779.76875275,0.014480122199999999,-11825.604256709612
463,779.76875275,0.0156747322815,-11875.425677594758
464,779.76875275,0.016869342363,-12013.360450486489
465,779.76875275,0.0180639524445,-12227.974620963927
466,779.76875275,0.019258562526,-12509.51258155014
467,779.76875275,0.0204531726075,-12849.601495803445
468,779.76875275,0.021647782689,-13241.017219881858
469,779.76875275,0.0228423927705,-13677.49690357196
470,779.76875275,0.024037002852,-14153.58752207427
471,779.76875275,0.0252316129335,-14664.522401260147
472,779.76875275,0.026426223015,-15206.119785653398
473,779.76875275,0.0276208330965,-15774.698928866812
474,779.76875275,0.028815443178,-16367.010232925091
475,822.7994698749999,0.00014480122200000002,-28644.246874643664
476,822.7994698749999,0.0013394113034999999,-24462.848208709936
477,822.7994698749999,0.0025340213849999998,-21292.63604902735
478,822.7994698749999,0.0037286314664999997,-18863.113273904033
479,822.7994698749999,0.004923241548,-16971.45049654353
480,822.7994698749999,0.0061178516294999995,-15493.315853083091
481,822.7994698749999,0.0073124617109999995,-14345.370017785202
482,822.7994698749999,0.0085070717925,-13467.439305226855
483,822.7994698749999,0.009701681874,-12813.900185525665
484,822.7994698749999,0.0108962919555,-12349.027963127586
485,822.7994698749999,0.012090902037,-12044.214378691295
486,822.7994698749999,0.013285512118499999,-11876.166370321884
487,822.7994698749999,0.014480122199999999,-11825.670912552254
488,822.7994698749999,0.0156747322815,-11876.71192581363
489,822.7994698749999,0.016869342363,-12015.819080685906
490,822.7994698749999,0.0180639524445,-12231.576114029212
491,822.7994698749999,0.019258562526,-12514.242566610295
492,822.7994698749999,0.0204531726075,-12855.458285104514
493,822.7994698749999,0.021647782689,-13248.009584516025
494,822.7994698749999,0.0228423927705,-13685.642139937287
495,822.7994698749999,0.024037002852,-14162.909806040963
496,822.7994698749999,0.0252316129335,-14675.051404381273
497,822.7994698749999,0.026426223015,-15217.889520102863
498,822.7994698749999,0.0276208330965,-15787.746787310749
499,822.7994698749999,0.028815443178,-16381.376192214373
500,865.8301869999999,0.00014480122200000002,-28644.642798495646
501,865.8301869999999,0.0013394113034999999,-24462.38802339275
502,865.8301869999999,0.0025340213849999998,-21285.397876786225
503,865.8301869999999,0.0037286314664999997,-18852.455229743133
504,865.8301869999999,0.004923241548,-16960.221888434146
505,865.8301869999999,0.0061178516294999995,-15482.97231664631
506,865.8301869999999,0.0073124617109999995,-14336.51630989566
507,865.8301869999999,0.0085070717925,-13460.253997720161
508,865.8301869999999,0.009701681874,-12808.36853697181
509,865.8301869999999,0.0108962919555,-12345.058726444637
510,865.8301869999999,0.012090902037,-12041.695872103455
511,865.8301869999999,0.013285512118499999,-11874.992039021656
512,865.8301869999999,0.014480122199999999,-11825.749828154152
513,865.8301869999999,0.0156747322815,-11877.97198818394
514,865.8301869999999,0.016869342363,-12018.20681233227
515,865.8301869999999,0.0180639524445,-12235.054989248802
516,865.8301869999999,0.019258562526,-12518.790833552315
517,865.8301869999999,0.0204531726075,-12861.066739527752
518,865.8301869999999,0.021647782689,-13254.67950065499
519,865.8301869999999,0.0228423927705,-13693.383436542483
520,865.8301869999999,0.024037002852,-14171.739463250216
521,865.8301869999999,0.0252316129335,-14684.99211815929
522,865.8301869999999,0.026426223015,-15228.968569200957
523,865.8301869999999,0.0276208330965,-15799.995084443111
524,865.8301869999999,0.028815443178,-16394.827492050303
525,908.8609041249999,0.00014480122200000002,-28645.00794727699
526,908.8609041249999,0.0013394113034999999,-24462.312796859624
527,908.8609041249999,0.0025340213849999998,-21278.91269692273
528,908.8609041249999,0.0037286314664999997,-18842.488895106464
529,908.8609041249999,0.004923241548,-16949.51655206663
530,908.8609041249999,0.0061178516294999995,-15473.00085793783
531,908.8609041249999,0.0073124617109999995,-14327.924508640144
532,908.8609041249999,0.0085070717925,-13453.255579307428
533,908.8609041249999,0.009701681874,-12802.972725085556
534,908.8609041249999,0.0108962919555,-12341.188422544914
535,908.8609041249999,0.012090902037,-12039.246280139092
536,908.8609041249999,0.013285512118499999,-11873.85847538639
537,908.8609041249999,0.014480122199999999,-11825.839901425545
538,908.8609041249999,0.0156747322815,-11879.209980828637
539,908.8609041249999,0.016869342363,-12020.534280718946
540,908.8609041249999,0.0180639524445,-12238.42963535912
541,908.8609041249999,0.019258562526,-12523.184689619717
542,908.8609041249999,0.0204531726075,-12866.464182677515
543,908.8609041249999,0.021647782689,-13261.075342760307
544,908.8609041249999,0.0228423927705,-13700.781194223435
545,908.8609041249999,0.024037002852,-14180.149841731942
546,908.8609041249999,0.0252316129335,-14694.431707861426
547,908.8609041249999,0.026426223015,-15239.458738171112
548,908.8609041249999,0.0276208330965,-15811.561043867347
549,908.8609041249999,0.028815443178,-16407.49751112681
550,951.8916212499998,0.00014480122200000002,-28645.345718136257
551,951.8916212499998,0.0013394113034999999,-24462.563826463524
552,951.8916212499998,0.0025340213849999998,-21273.115817925747
553,951.8916212499998,0.0037286314664999997,-18833.176231634796
554,951.8916212499998,0.004923241548,-16939.31558516333
555,951.8916212499998,0.0061178516294999995,-15463.39165095883
556,951.8916212499998,0.0073124617109999995,-14319.58786334539
557,951.8916212499998,0.0085070717925,-13446.437700095023
558,951.8916212499998,0.009701681874,-12797.706091423417
559,951.8916212499998,0.0108962919555,-12337.410411796525
560,951.8916212499998,0.012090902037,-12036.85981483319
561,951.8916212499998,0.013285512118499999,-11872.761796395442
562,951.8916212499998,0.014480122199999999,-11825.9402802992
563,951.8916212499998,0.0156747322815,-11880.429207438694
564,951.8916212499998,0.016869342363,-12022.81003381709
565,951.8916212499998,0.0180639524445,-12241.714881924752
566,951.8916212499998,0.019258562526,-12527.446227381057
567,951.8916212499998,0.0204531726075,-12871.680895931782
568,951.8916212499998,0.021647782689,-13267.236453769206
569,951.8916212499998,0.0228423927705,-13707.88464055963
570,951.8916212499998,0.024037002852,-14188.200830648662
571,951.8916212499998,0.0252316129335,-14703.441458360803
572,951.8916212499998,0.026426223015,-15249.443401919672
573,951.8916212499998,0.0276208330965,-15822.540787670554
574,951.8916212499998,0.028815443178,-16419.495741015315
575,994.9223383749999,0.00014480122200000002,-28645.65903565576
576,994.9223383749999,0.0013394113034999999,-24463.091196573605
577,994.9223383749999,0.0025340213849999998,-21267.948082101648
578,994.9223383749999,0.0037286314664999997,-18824.480725753372
579,994.9223383749999,0.004923241548,-16929.600273063108
580,994.9223383749999,0.0061178516294999995,-15454.135113067801
581,994.9223383749999,0.0073124617109999995,-14311.500339967233
582,994.9223383749999,0.0085070717925,-13439.795175952224
583,994.9223383749999,0.009701681874,-12792.56340386639
584,994.9223383749999,0.0108962919555,-12333.719506518852
585,994.9223383749999,0.012090902037,-12034.531929904773
586,994.9223383749999,0.013285512118499999,-11871.69892882595
587,994.9223383749999,0.014480122199999999,-11826.050286718564
588,994.9223383749999,0.0156747322815,-11881.632322957563
589,994.9223383749999,0.016869342363,-12025.040976047005
590,994.9223383749999,0.0180639524445,-12244.922760950916
591,994.9223383749999,0.019258562526,-12531.593439663684
592,994.9223383749999,0.0204531726075,-12876.741620145589
593,994.9223383749999,0.021647782689,-13273.195065152338
594,994.9223383749999,0.0228423927705,-13714.734198119642
595,994.9223383749999,0.024037002852,-14195.9417048939
596,994.9223383749999,0.0252316129335,-14712.08012165443
597,994.9223383749999,0.026426223015,-15258.991380482119
598,994.9223383749999,0.0276208330965,-15833.013763345614
599,994.9223383749999,0.028815443178,-16430.91278658293
600,1037.9530555,0.00014480122200000002,-28645.950429247812
601,1037.9530555,0.0013394113034999999,-24463.852374166236
602,1037.9530555,0.0025340213849999998,-21263.35544707263
603,1037.9530555,0.0037286314664999997,-18816.36744971842
604,1037.9530555,0.004923241548,-16920.352121480162
605,1037.9530555,0.0061178516294999995,-15445.221776328
606,1037.9530555,0.0073124617109999995,-14303.656346862454
607,1037.9530555,0.0085070717925,-13433.323623752023
608,1037.9530555,0.009701681874,-12787.540459924727
609,1037.9530555,0.0108962919555,-12330.11159547869
610,1037.9530555,0.012090902037,-12032.259013143672
611,1037.9530555,0.013285512118499999,-11870.667410812286
612,1037.9530555,0.014480122199999999,-11826.169364416603
613,1037.9530555,0.0156747322815,-11882.821461356085
614,1037.9530555,0.016869342363,-12027.232707244842
615,1037.9530555,0.0180639524445,-12248.063086125225
616,1037.9530555,0.019258562526,-12535.641066354394
617,1037.9530555,0.0204531726075,-12881.666695716945
618,1037.9530555,0.021647782689,-13278.977754511014
619,1037.9530555,0.0228423927705,-13721.363282526583
620,1037.9530555,0.024037002852,-14203.413285303948
621,1037.9530555,0.0252316129335,-14720.396459712343
622,1037.9530555,0.026426223015,-15268.159883838074
623,1037.9530555,0.0276208330965,-15843.04610874188
624,1037.9530555,0.028815443178,-16441.824168217267
